{"cameraMode":{"drawMode":0,"name":"Shaded","section":"Shading Mode"},"sceneLighting":true,"audioPlay":false,"sceneViewState":{"showFog":true,"showMaterialUpdate":true,"showSkybox":true,"showFlares":true,"showImageEffects":true,"showParticleSystems":true},"in2DMode":false,"pivot":{"x":-0.42091572284698489,"y":1.0520930290222169,"z":-0.3535885810852051},"rotation":{"x":-0.03746534883975983,"y":0.9462200999259949,"z":-0.11871414631605149,"w":-0.29861900210380556},"size":0.5020593404769898,"orthographic":false}