{"cameraMode":{"drawMode":0,"name":"Shaded","section":"Shading Mode"},"sceneLighting":true,"audioPlay":false,"sceneViewState":{"showFog":true,"showMaterialUpdate":true,"showSkybox":true,"showFlares":true,"showImageEffects":true,"showParticleSystems":true},"in2DMode":false,"pivot":{"x":-0.24577860534191132,"y":0.27542054653167727,"z":-7.188663482666016},"rotation":{"x":-0.0010971524752676488,"y":0.9975757002830505,"z":-0.0677487924695015,"w":-0.01616138406097889},"size":3.7956249713897707,"orthographic":false}