{"cameraMode":{"drawMode":0,"name":"Shaded","section":"Shading Mode"},"sceneLighting":true,"audioPlay":false,"sceneViewState":{"showFog":true,"showMaterialUpdate":true,"showSkybox":true,"showFlares":true,"showImageEffects":true,"showParticleSystems":true},"in2DMode":false,"pivot":{"x":-2.1267638206481935,"y":0.7439736723899841,"z":-6.941582202911377},"rotation":{"x":-0.005977442488074303,"y":0.9876050353050232,"z":-0.03884211927652359,"w":-0.15198923647403718},"size":3.7956249713897707,"orthographic":false}