{"cameraMode":{"drawMode":0,"name":"Shaded","section":"Shading Mode"},"sceneLighting":true,"audioPlay":false,"sceneViewState":{"showFog":true,"showMaterialUpdate":true,"showSkybox":true,"showFlares":true,"showImageEffects":true,"showParticleSystems":true},"in2DMode":false,"pivot":{"x":-0.9320910573005676,"y":1.6977944374084473,"z":-7.310315132141113},"rotation":{"x":0.0015923273749649525,"y":0.997867226600647,"z":0.026640089228749276,"w":-0.05964235961437225},"size":4.6880059242248539,"orthographic":false}